<?xml version="1.0" encoding="UTF-8"?>
<hazelcast xsi:schemaLocation="http://www.hazelcast.com/schema/config hazelcast-basic.xsd"
           xmlns="http://www.hazelcast.com/schema/config"
           xmlns:xsi="http://www.w3.org/2001/XMLSchema-instance">
  <group>
    <name>myapp</name>
    <password>dev-pass</password>
  </group>

  <network>
    <port auto-increment="true">5701</port>
    <join>
      <multicast enabled="false">
        <multicast-group>224.2.2.3</multicast-group>
        <multicast-port>54327</multicast-port>
      </multicast>
      <tcp-ip enabled="false">
        <interface>ci.haru.io</interface>
      </tcp-ip>
    </join>
  </network>

  <map name="xitrum/cache">
    <backup-count>0</backup-count>
    <eviction-policy>LRU</eviction-policy>
    <max-size>100000</max-size>
    <eviction-percentage>25</eviction-percentage>
  </map>

  <map name="xitrum/session">
    <backup-count>0</backup-count>
    <eviction-policy>LRU</eviction-policy>
    <max-size>100000</max-size>
    <eviction-percentage>25</eviction-percentage>
  </map>
</hazelcast>
