<?xml version="1.0" encoding="UTF-8"?>
<hazelcast-client xsi:schemaLocation="http://www.hazelcast.com/schema/client-config hazelcast-client-config-3.0.xsd"
           xmlns="http://www.hazelcast.com/schema/client-config"
           xmlns:xsi="http://www.w3.org/2001/XMLSchema-instance">

    <group>
        <name>dev</name>
        <password>dev-pass</password>
    </group>

    <network>
        <cluster-members>
            <address>ci.haru.io</address>
        </cluster-members>
        <smart-routing>true</smart-routing>
        <redo-operation>true</redo-operation>
        <connection-pool-size>30</connection-pool-size>
    </network>

    <executor-pool-size>40</executor-pool-size>
</hazelcast-client>
