{
	"ACCOUNT_ALREADY_LINKED": {
        "status": 401,
        "info": {
            "code": 208
            , "error": "ACCOUNT_ALREADY_LINKED"
        }
    }
	,"CACHE_MISS":  120
	,"COMMAND_UNAVAILABLE": 108
	,"CONNECTION_FAILED":   100
	,"DUPLICATE_VALUE": 137
	,"EMAIL_MISSING":   204
	,"EMAIL_NOT_FOUND": 205
	,"EMAIL_TAKEN": 203
	,"EXCEEDED_QUOTA":  140
	,"FILE_DELETE_ERROR":   153
	,"INCORRECT_TYPE":  111
	,"INTERNAL_SERVER_ERROR":   1

	,"INVALID_ACL": 123
	,"INVALID_CHANNEL_NAME":    112
	,"INVALID_CLASS_NAME":{
	  "status": 401,
	  "info": {
		"code": 103,
		"error": "INVALID_CLASS_NAME"
	  }
	}
	,"INVALID_EMAIL_ADDRESS":   125
	,"INVALID_FILE_NAME":   122
	,"INVALID_JSON":    107
	,"INVALID_KEY_NAME":    105
	,"INVALID_LINKED_SESSION": {
        "status": 401,
        "info": {
            "code": 251,
            "error": "INVALID_LINKED_SESSION"
        }
    }
	,"INVALID_NESTED_KEY":  121
	,"INVALID_POINTER": 106
	,"INVALID_QUERY":   102
	,"INVALID_ROLE_NAME":   139
	,"INVALID_USER_TOKEN": {
		"status": 401,
		"info": {
			"code": 143
			, "error": "INVALID_USER_TOKEN"
		}
	}
	,"INVALID_DEVICE_TOKEN": {
  		"status": 401,
  		"info": {
			"code": 144
	  		,"error": "INVALID_DEVICE_TOKEN"
	  	}
	}
	
	,"LINKED_ID_MISSING":   250
	,"MISSING_ENTITY_ID":{
		"status" : 404,
		"info": {
			"code": 104,
			"error": "MISSING_ENTITY_ID"
		}
	}   
	,"MISSING_USER_TOKEN": {	
		"status": 401,
		"info": {
			"code": 105
			, "error": "MISSING_USER_TOKEN"
		}
	}
	,"MUST_CREATE_USER_THROUGH_SIGNUP": 207
	,"NOT_INITIALIZED": 109
	,"ENTITY_NOT_FOUND":    101
	,"ENTITY_TOO_LARGE":    116
	,"OPERATION_FORBIDDEN": 119
	,"OTHER_CAUSE": {
		"status": 500,
		"info": {
			"code": -1,
			"error": "OTHER_CAUSE"
		}
	}
	,"PASSWORD_MISSING": {
        "status": 404,
        "info": {
            "code": 201
            , "error": "PASSWORD_MISSING"
        }
    }
	,"PUSH_MISCONFIGURED":  115
	,"SCRIPT_ERROR":    141
	,"SESSION_MISSING": {
        "status": 412,
        "info": {
            "code": 206,
            "error": "SESSION_MISSING"
        }
    }
	,"TIMEOUT": 124
	,"UNSUPPORTED_SERVICE": 252
	,"USERNAME_MISSING": {
        "status": 404,
        "info": {
            "code": 200
            , "error": "USERNAME_MISSING"
        }
    }
	,"USERNAME_TAKEN":  202
	,"VALIDATION_ERROR": {
        "status": 401,
        "info": {
            "code": 142
            , "error": "VALIDATION_ERROR"
        }
    }
}